transmitter_idx,receiver_idx,actual_capacity_bps,predicted_capacity_bps,error_bps
4.000000000000000000e+00,1.800000000000000000e+01,7.893814999999997020e+07,8.797563860638685524e+07,9.037488606386885047e+06
1.000000000000000000e+00,1.300000000000000000e+01,2.013151999999999243e+05,2.309115087265624607e+05,2.959630872656253632e+04
4.000000000000000000e+00,1.100000000000000000e+01,3.193380000000000000e+05,3.020568389427373186e+05,-1.728116105726268142e+04
8.000000000000000000e+00,3.000000000000000000e+00,2.031936999999998370e+05,2.088521866173615563e+05,5.658486617361719254e+03
1.400000000000000000e+01,6.000000000000000000e+00,5.897379000000003725e+05,6.284141678142981837e+05,3.867626781429781113e+04
1.000000000000000000e+01,2.000000000000000000e+00,5.604162999999999302e+05,6.014155961278498871e+05,4.099929612784995697e+04
4.000000000000000000e+00,5.000000000000000000e+00,1.134709000000000233e+06,1.137812266118098749e+06,3.103266118098516017e+03
1.500000000000000000e+01,1.600000000000000000e+01,3.457741000000002678e+05,4.050454661739772419e+05,5.927136617397697410e+04
8.000000000000000000e+00,1.300000000000000000e+01,1.983897000000000000e+07,1.512115496911041439e+07,-4.717815030889585614e+06
1.500000000000000000e+01,1.800000000000000000e+01,2.805945999999998457e+04,3.628222267748754530e+04,8.222762677487560723e+03
4.000000000000000000e+00,1.800000000000000000e+01,7.893814999999997020e+07,8.797563860638685524e+07,9.037488606386885047e+06
4.000000000000000000e+00,1.300000000000000000e+01,4.191532999999999884e+05,3.351816459370359080e+05,-8.397165406296408037e+04
1.000000000000000000e+00,3.000000000000000000e+00,7.468091999999992549e+06,7.304235216964101419e+06,-1.638567830358911306e+05
1.000000000000000000e+00,0.000000000000000000e+00,1.578966999999999069e+06,1.603572198132910766e+06,2.460519813291169703e+04
1.000000000000000000e+01,0.000000000000000000e+00,2.207924999999998137e+07,2.810260444467253610e+07,6.023354444672554731e+06
8.000000000000000000e+00,6.000000000000000000e+00,2.602786999999999534e+05,2.481563247689417913e+05,-1.212237523105816217e+04
1.500000000000000000e+01,0.000000000000000000e+00,4.084199000000004307e+05,4.837804625245999778e+05,7.536056252459954703e+04
1.000000000000000000e+00,1.600000000000000000e+01,4.718138000000001048e+05,4.024637563813955057e+05,-6.935004361860459903e+04
1.700000000000000000e+01,1.100000000000000000e+01,3.881358000000002212e+05,3.905579346664195764e+05,2.422134666419355199e+03
4.000000000000000000e+00,5.000000000000000000e+00,1.134709000000000233e+06,1.137812266118098749e+06,3.103266118098516017e+03
1.400000000000000000e+01,1.900000000000000000e+01,2.890957999999998882e+07,2.807214089296516776e+07,-8.374391070348210633e+05
1.700000000000000000e+01,1.200000000000000000e+01,2.429629000000000931e+06,2.304358770152212121e+06,-1.252702298477888107e+05
1.700000000000000000e+01,1.900000000000000000e+01,3.456075000000002910e+05,2.981263248997920891e+05,-4.748117510020820191e+04
1.700000000000000000e+01,3.000000000000000000e+00,2.602975000000001455e+05,2.367532907919905265e+05,-2.354420920800961903e+04
1.000000000000000000e+00,1.600000000000000000e+01,4.718138000000001048e+05,4.024637563813955057e+05,-6.935004361860459903e+04
1.000000000000000000e+01,1.100000000000000000e+01,8.711270000000009313e+05,1.020622777833100292e+06,1.494957778330993606e+05
8.000000000000000000e+00,1.100000000000000000e+01,3.361529999999998254e+05,3.178290850457108463e+05,-1.832391495428897906e+04
4.000000000000000000e+00,1.800000000000000000e+01,7.893814999999997020e+07,8.797563860638685524e+07,9.037488606386885047e+06
1.500000000000000000e+01,1.200000000000000000e+01,3.738633000000002212e+05,3.851512985785972560e+05,1.128799857859703479e+04
1.000000000000000000e+00,3.000000000000000000e+00,7.468091999999992549e+06,7.304235216964101419e+06,-1.638567830358911306e+05
9.000000000000000000e+00,1.600000000000000000e+01,5.770600000000002328e+05,5.935699765305744950e+05,1.650997653057426214e+04
4.000000000000000000e+00,2.000000000000000000e+00,1.705353999999999767e+06,1.715643109623243567e+06,1.028910962324379943e+04
1.400000000000000000e+01,3.000000000000000000e+00,3.031620999999998021e+05,2.501960232615301793e+05,-5.296607673846962280e+04
4.000000000000000000e+00,1.200000000000000000e+01,4.589207000000001863e+05,4.126067280283688451e+05,-4.631397197163134115e+04
1.000000000000000000e+00,1.900000000000000000e+01,2.499429999999998836e+05,2.516750837773246167e+05,1.732083777324733092e+03
1.000000000000000000e+01,3.000000000000000000e+00,6.201469000000000233e+05,5.438678639790887246e+05,-7.627903602091129869e+04
4.000000000000000000e+00,5.000000000000000000e+00,1.134709000000000233e+06,1.137812266118098749e+06,3.103266118098516017e+03
1.500000000000000000e+01,0.000000000000000000e+00,4.084199000000004307e+05,4.837804625245999778e+05,7.536056252459954703e+04
1.500000000000000000e+01,3.000000000000000000e+00,3.665867000000000931e+06,4.178515164704022463e+06,5.126481647040215321e+05
1.400000000000000000e+01,1.200000000000000000e+01,3.561467999999998719e+05,3.548511364792774548e+05,-1.295663520722417161e+03
1.400000000000000000e+01,1.900000000000000000e+01,2.890957999999998882e+07,2.807214089296516776e+07,-8.374391070348210633e+05
1.700000000000000000e+01,7.000000000000000000e+00,4.178338999999998510e+07,4.007783115519606322e+07,-1.705558844803921878e+06
1.000000000000000000e+01,1.300000000000000000e+01,6.493250000000002328e+05,7.147150974953129189e+05,6.539009749531268608e+04
4.000000000000000000e+00,1.800000000000000000e+01,7.893814999999997020e+07,8.797563860638685524e+07,9.037488606386885047e+06
8.000000000000000000e+00,3.000000000000000000e+00,2.031936999999998370e+05,2.088521866173615563e+05,5.658486617361719254e+03
1.500000000000000000e+01,1.100000000000000000e+01,5.593835000000002794e+06,5.339852988995357417e+06,-2.539820110046453774e+05
1.000000000000000000e+01,1.900000000000000000e+01,2.619408999999998487e+05,2.430187640613946132e+05,-1.892213593860523542e+04
1.400000000000000000e+01,6.000000000000000000e+00,5.897379000000003725e+05,6.284141678142981837e+05,3.867626781429781113e+04
1.500000000000000000e+01,5.000000000000000000e+00,2.339861000000000000e+06,2.123254962877259590e+06,-2.166060371227404103e+05
1.400000000000000000e+01,6.000000000000000000e+00,5.897379000000003725e+05,6.284141678142981837e+05,3.867626781429781113e+04
1.500000000000000000e+01,1.100000000000000000e+01,5.593835000000002794e+06,5.339852988995357417e+06,-2.539820110046453774e+05
4.000000000000000000e+00,2.000000000000000000e+00,1.705353999999999767e+06,1.715643109623243567e+06,1.028910962324379943e+04
8.000000000000000000e+00,1.200000000000000000e+01,3.513508000000000931e+06,3.486603827522000764e+06,-2.690417247800016776e+04
1.500000000000000000e+01,1.100000000000000000e+01,5.593835000000002794e+06,5.339852988995357417e+06,-2.539820110046453774e+05
1.500000000000000000e+01,5.000000000000000000e+00,2.339861000000000000e+06,2.123254962877259590e+06,-2.166060371227404103e+05
1.700000000000000000e+01,2.000000000000000000e+00,6.108617999999994645e+05,7.717767274426851654e+05,1.609149274426857010e+05
1.700000000000000000e+01,7.000000000000000000e+00,4.178338999999998510e+07,4.007783115519606322e+07,-1.705558844803921878e+06
1.000000000000000000e+01,1.800000000000000000e+01,4.251017000000003463e+04,4.413169581766698684e+04,1.621525817666952207e+03
1.500000000000000000e+01,0.000000000000000000e+00,4.084199000000004307e+05,4.837804625245999778e+05,7.536056252459954703e+04
1.000000000000000000e+00,0.000000000000000000e+00,1.578966999999999069e+06,1.603572198132910766e+06,2.460519813291169703e+04
1.000000000000000000e+01,0.000000000000000000e+00,2.207924999999998137e+07,2.810260444467253610e+07,6.023354444672554731e+06
1.500000000000000000e+01,3.000000000000000000e+00,3.665867000000000931e+06,4.178515164704022463e+06,5.126481647040215321e+05
1.700000000000000000e+01,5.000000000000000000e+00,5.805540999999995111e+05,6.034432723380975658e+05,2.288917233809805475e+04
1.500000000000000000e+01,7.000000000000000000e+00,7.299040999999994528e+04,6.832813333488137869e+04,-4.662276665118566598e+03
1.400000000000000000e+01,1.300000000000000000e+01,2.310463000000001921e+05,2.109883503446974792e+05,-2.005794965530271293e+04
1.700000000000000000e+01,3.000000000000000000e+00,2.602975000000001455e+05,2.367532907919905265e+05,-2.354420920800961903e+04
1.000000000000000000e+00,1.900000000000000000e+01,2.499429999999998836e+05,2.516750837773246167e+05,1.732083777324733092e+03
1.000000000000000000e+01,5.000000000000000000e+00,6.739352000000004191e+05,5.280794409196374472e+05,-1.458557590803629719e+05
8.000000000000000000e+00,1.300000000000000000e+01,1.983897000000000000e+07,1.512115496911041439e+07,-4.717815030889585614e+06
4.000000000000000000e+00,6.000000000000000000e+00,3.763617999999998719e+05,3.437075740757694584e+05,-3.265422592423041351e+04
1.000000000000000000e+00,1.800000000000000000e+01,2.998543000000000757e+04,3.400001289007301239e+04,4.014582890073004819e+03
1.000000000000000000e+01,6.000000000000000000e+00,6.588486999999998370e+05,6.568542052763681859e+05,-1.994494723631651141e+03
1.400000000000000000e+01,2.000000000000000000e+00,5.663161000000002794e+06,6.304217523811155930e+06,6.410565238111531362e+05
1.400000000000000000e+01,0.000000000000000000e+00,2.573970000000002037e+05,2.505678062579490070e+05,-6.829193742051196750e+03
1.000000000000000000e+01,1.800000000000000000e+01,4.251017000000003463e+04,4.413169581766698684e+04,1.621525817666952207e+03
1.500000000000000000e+01,1.100000000000000000e+01,5.593835000000002794e+06,5.339852988995357417e+06,-2.539820110046453774e+05
9.000000000000000000e+00,1.600000000000000000e+01,5.770600000000002328e+05,5.935699765305744950e+05,1.650997653057426214e+04
4.000000000000000000e+00,1.800000000000000000e+01,7.893814999999997020e+07,8.797563860638685524e+07,9.037488606386885047e+06
1.000000000000000000e+00,1.900000000000000000e+01,2.499429999999998836e+05,2.516750837773246167e+05,1.732083777324733092e+03
4.000000000000000000e+00,1.300000000000000000e+01,4.191532999999999884e+05,3.351816459370359080e+05,-8.397165406296408037e+04
